nodo,variable,dia,max,min,promedio,recuento,suma
cacao-01-lote1-twin,soilMoisture,2026-09-25,44.5,15.6,29.98,1158,
cacao-01-lote1-twin,soilMoisture,2026-09-26,43.6,16.1,30.01,1157,
cacao-01-lote1-twin,soilMoisture,2026-09-27,44.2,16.8,29.9,543,
cacao-01-lote1-twin,soilMoisture,2026-09-28,44.2,15.8,29.96,1137,
cacao-01-lote1-twin,soilTemperature,2026-09-25,29.66,20.23,25.02,1158,
cacao-01-lote1-twin,soilTemperature,2026-09-26,29.78,20.2,24.97,1157,
cacao-01-lote1-twin,soilTemperature,2026-09-27,29.89,20.4,24.96,543,
cacao-01-lote1-twin,soilTemperature,2026-09-28,29.72,20.18,25.0,1137,
cacao-01-lote1-twin,soilEC,2026-09-25,1.44,0.35,0.9,1158,
cacao-01-lote1-twin,soilEC,2026-09-26,1.46,0.33,0.9,1157,
cacao-01-lote1-twin,soilEC,2026-09-27,1.46,0.34,0.9,543,
cacao-01-lote1-twin,soilEC,2026-09-28,1.48,0.31,0.9,1137,
cacao-02-lote2-wokwi,soilMoisture,2026-09-25,30.5,30.5,30.5,95,
cacao-02-lote2-wokwi,soilMoisture,2026-09-26,30.5,30.5,30.5,346,
cacao-02-lote2-wokwi,soilMoisture,2026-09-27,30.5,30.5,30.5,1165,
cacao-02-lote2-wokwi,soilMoisture,2026-09-28,30.5,30.5,30.5,1318,
cacao-02-lote2-wokwi,temperature,2026-09-25,27.5,27.5,27.5,95,
cacao-02-lote2-wokwi,temperature,2026-09-26,27.5,27.5,27.5,346,
cacao-02-lote2-wokwi,temperature,2026-09-27,27.5,27.5,27.5,1165,
cacao-02-lote2-wokwi,temperature,2026-09-28,27.5,27.5,27.5,1318,
cacao-02-lote2-wokwi,illuminance,2026-09-25,14666.0,14666.0,14666.0,95,
cacao-02-lote2-wokwi,illuminance,2026-09-26,14666.0,14666.0,14666.0,346,
cacao-02-lote2-wokwi,illuminance,2026-09-27,14666.0,14666.0,14666.0,1165,
cacao-02-lote2-wokwi,illuminance,2026-09-28,14666.0,14666.0,14666.0,1318,
cacao-03-lote3-sdk,soilMoisture,2026-09-25,21.5,14.2,18.02,5647,
cacao-03-lote3-sdk,soilMoisture,2026-09-26,20.1,13.3,17.15,3065,
cacao-03-lote3-sdk,soilMoisture,2026-09-27,24.7,17.8,19.86,2594,
cacao-03-lote3-sdk,soilMoisture,2026-09-28,23.7,16.8,19.18,3491,
cacao-03-lote3-sdk,soilTemperature,2026-09-25,26.49,22.6,23.99,5647,
cacao-03-lote3-sdk,soilTemperature,2026-09-26,24.53,22.66,23.13,3065,
cacao-03-lote3-sdk,soilTemperature,2026-09-27,26.47,22.63,24.21,2594,
cacao-03-lote3-sdk,soilTemperature,2026-09-28,26.45,22.69,24.58,3491,
cacao-03-lote3-sdk,soilEC,2026-09-25,0.73,0.6,0.67,5647,
cacao-03-lote3-sdk,soilEC,2026-09-26,0.72,0.59,0.66,3065,
cacao-03-lote3-sdk,soilEC,2026-09-27,0.77,0.64,0.69,2594,
cacao-03-lote3-sdk,soilEC,2026-09-28,0.76,0.63,0.68,3491,
cacao-03-lote3-sdk,illuminance,2026-09-25,35562.0,0.0,10474.55,5647,
cacao-03-lote3-sdk,illuminance,2026-09-26,14039.0,0.0,863.78,3065,
cacao-03-lote3-sdk,illuminance,2026-09-27,28674.0,0.0,4356.59,2594,
cacao-03-lote3-sdk,illuminance,2026-09-28,35584.0,0.0,12531.97,3491,
cacao-04-aire-cams,pm25,2026-09-25,29.3,8.0,16.66,287,
cacao-04-aire-cams,pm25,2026-09-26,21.9,9.2,15.19,155,
cacao-04-aire-cams,pm25,2026-09-27,14.4,6.7,10.46,133,
cacao-04-aire-cams,pm25,2026-09-28,25.3,6.1,13.24,179,
cacao-04-aire-cams,pm10,2026-09-25,31.4,8.4,17.75,287,
cacao-04-aire-cams,pm10,2026-09-26,22.9,9.5,15.79,155,
cacao-04-aire-cams,pm10,2026-09-27,14.6,6.8,10.61,133,
cacao-04-aire-cams,pm10,2026-09-28,25.8,6.1,13.46,179,
cacao-04-aire-cams,aqi,2026-09-25,71.0,52.0,61.68,287,
cacao-04-aire-cams,aqi,2026-09-26,73.0,56.0,66.74,155,
cacao-04-aire-cams,aqi,2026-09-27,55.0,44.0,49.83,133,
cacao-04-aire-cams,aqi,2026-09-28,59.0,52.0,56.21,179,
cacao-04-aire-cams,humidity,2026-09-25,99.0,66.0,86.54,287,
cacao-04-aire-cams,humidity,2026-09-26,99.0,87.0,95.06,155,
cacao-04-aire-cams,humidity,2026-09-27,99.0,83.0,95.2,133,
cacao-04-aire-cams,humidity,2026-09-28,99.0,63.0,81.21,179,
cacao-05-meteo-feed,temperature,2026-09-25,27.8,22.2,24.44,285,
cacao-05-meteo-feed,temperature,2026-09-26,23.2,22.1,22.44,155,
cacao-05-meteo-feed,temperature,2026-09-27,24.9,21.4,22.5,134,
cacao-05-meteo-feed,temperature,2026-09-28,26.8,21.4,24.33,180,
cacao-05-meteo-feed,humidity,2026-09-25,100.0,66.0,86.52,285,
cacao-05-meteo-feed,humidity,2026-09-26,99.0,87.0,95.08,155,
cacao-05-meteo-feed,humidity,2026-09-27,99.0,83.0,95.19,134,
cacao-05-meteo-feed,humidity,2026-09-28,99.0,63.0,81.24,180,
cacao-05-meteo-feed,rainfall,2026-09-25,0.2,0.0,0.06,285,15.9
cacao-05-meteo-feed,rainfall,2026-09-26,0.2,0.0,0.08,155,11.8
cacao-05-meteo-feed,rainfall,2026-09-27,0.2,0.1,0.11,134,15.3
cacao-05-meteo-feed,rainfall,2026-09-28,0.1,0.0,0.02,180,4.3
cacao-05-meteo-feed,windSpeed,2026-09-25,6.6,0.4,3.22,285,
cacao-05-meteo-feed,windSpeed,2026-09-26,6.0,0.3,3.04,155,
cacao-05-meteo-feed,windSpeed,2026-09-27,6.3,2.3,4.25,134,
cacao-05-meteo-feed,windSpeed,2026-09-28,5.1,0.4,2.61,180,
cacao-05-meteo-feed,radiation,2026-09-25,607.0,0.0,173.44,285,
cacao-05-meteo-feed,radiation,2026-09-26,169.0,0.0,7.54,155,
cacao-05-meteo-feed,radiation,2026-09-27,402.0,0.0,55.23,134,
cacao-05-meteo-feed,radiation,2026-09-28,558.0,0.0,177.43,180,
cacao-06-ferm-paho,boxTemperature,2026-09-25,41.3,31.87,38.01,1406,
cacao-06-ferm-paho,boxTemperature,2026-09-26,46.74,40.31,43.89,740,
cacao-06-ferm-paho,boxTemperature,2026-09-27,50.2,44.9,48.4,671,
cacao-06-ferm-paho,boxTemperature,2026-09-28,50.99,44.59,48.36,899,
cacao-06-ferm-paho,humidity,2026-09-25,78.4,72.4,75.72,1406,
cacao-06-ferm-paho,humidity,2026-09-26,76.9,69.8,73.9,740,
cacao-06-ferm-paho,humidity,2026-09-27,74.9,68.5,71.54,671,
cacao-06-ferm-paho,humidity,2026-09-28,72.5,66.9,69.73,899,
cacao-06-ferm-paho,mass,2026-09-25,48.65,46.28,47.46,1406,
cacao-06-ferm-paho,mass,2026-09-26,46.46,44.17,45.38,740,
cacao-06-ferm-paho,mass,2026-09-27,44.31,41.98,42.75,671,
cacao-06-ferm-paho,mass,2026-09-28,42.17,39.89,40.71,899,
cacao-07-campo-era5,rainfall,2026-09-25,7.5,0.0,0.16,2867,453.2
cacao-07-campo-era5,rainfall,2026-09-26,7.5,0.0,0.14,1558,212.0
cacao-07-campo-era5,rainfall,2026-09-27,7.5,0.0,0.15,1335,204.0
cacao-07-campo-era5,rainfall,2026-09-28,7.5,0.0,0.17,1791,305.7
cacao-07-campo-era5,leafWetness,2026-09-25,100.0,0.0,36.96,2867,
cacao-07-campo-era5,leafWetness,2026-09-26,100.0,0.0,35.7,1558,
cacao-07-campo-era5,leafWetness,2026-09-27,100.0,0.0,37.87,1335,
cacao-07-campo-era5,leafWetness,2026-09-28,100.0,0.0,38.51,1791,
cacao-07-campo-era5,humidity,2026-09-25,100.0,41.0,78.12,2867,
cacao-07-campo-era5,humidity,2026-09-26,100.0,41.0,77.97,1558,
cacao-07-campo-era5,humidity,2026-09-27,100.0,41.0,78.76,1335,
cacao-07-campo-era5,humidity,2026-09-28,100.0,41.0,78.49,1791,
cacao-08-dosel-rest,temperature,2026-09-25,26.9,21.9,23.84,1409,
cacao-08-dosel-rest,temperature,2026-09-26,23.3,21.6,22.4,762,
cacao-08-dosel-rest,temperature,2026-09-27,23.9,21.1,22.26,663,
cacao-08-dosel-rest,temperature,2026-09-28,25.6,21.0,23.63,869,
cacao-08-dosel-rest,humidity,2026-09-25,99.0,71.6,91.15,1409,
cacao-08-dosel-rest,humidity,2026-09-26,99.0,93.6,98.79,762,
cacao-08-dosel-rest,humidity,2026-09-27,99.0,89.1,97.91,663,
cacao-08-dosel-rest,humidity,2026-09-28,99.0,68.0,87.86,869,
cacao-08-dosel-rest,illuminance,2026-09-25,17779.0,0.0,5012.45,1409,
cacao-08-dosel-rest,illuminance,2026-09-26,6825.0,0.0,421.78,762,
cacao-08-dosel-rest,illuminance,2026-09-27,14184.0,0.0,2264.78,663,
cacao-08-dosel-rest,illuminance,2026-09-28,17833.0,0.0,5960.61,869,
cacao-09-riego-wokwi,waterLevel,2026-09-25,66.1,66.0,66.05,43,
cacao-09-riego-wokwi,waterLevel,2026-09-26,66.1,66.0,66.07,164,
cacao-09-riego-wokwi,waterLevel,2026-09-27,66.2,65.8,66.06,490,
cacao-09-riego-wokwi,waterLevel,2026-09-28,66.2,66.0,66.06,632,
cacao-09-riego-wokwi,flowRate,2026-09-25,0.0,0.0,0.0,43,
cacao-09-riego-wokwi,flowRate,2026-09-26,0.0,0.0,0.0,164,
cacao-09-riego-wokwi,flowRate,2026-09-27,0.0,0.0,0.0,490,
cacao-09-riego-wokwi,flowRate,2026-09-28,0.0,0.0,0.0,632,
cacao-09-riego-wokwi,pumpOn,2026-09-25,0.0,0.0,0.0,43,
cacao-09-riego-wokwi,pumpOn,2026-09-26,0.0,0.0,0.0,164,
cacao-09-riego-wokwi,pumpOn,2026-09-27,0.0,0.0,0.0,490,
cacao-09-riego-wokwi,pumpOn,2026-09-28,0.0,0.0,0.0,632,
cacao-10-bodega-mqttjs,doorOpen,2026-09-25,1.0,0.0,0.09,4288,
cacao-10-bodega-mqttjs,doorOpen,2026-09-26,1.0,0.0,0.01,2280,
cacao-10-bodega-mqttjs,doorOpen,2026-09-27,1.0,0.0,0.05,2019,
cacao-10-bodega-mqttjs,doorOpen,2026-09-28,1.0,0.0,0.1,2707,
cacao-10-bodega-mqttjs,motion,2026-09-25,1.0,0.0,0.19,4288,
cacao-10-bodega-mqttjs,motion,2026-09-26,1.0,0.0,0.03,2280,
cacao-10-bodega-mqttjs,motion,2026-09-27,1.0,0.0,0.11,2019,
cacao-10-bodega-mqttjs,motion,2026-09-28,1.0,0.0,0.2,2707,
cacao-10-bodega-mqttjs,temperature,2026-09-25,29.2,24.8,26.28,4288,
cacao-10-bodega-mqttjs,temperature,2026-09-26,26.8,24.8,25.1,2280,
cacao-10-bodega-mqttjs,temperature,2026-09-27,28.4,24.8,25.57,2019,
cacao-10-bodega-mqttjs,temperature,2026-09-28,29.2,24.8,26.52,2707,
